"n","nu","Qk"
3,0,1.00000000000004
3,0.025,0.805037368591838
3,0.05,0.662474980688699
3,0.075,0.555151127744086
3,0.1,0.472372377408812
3,0.125,0.407200667079179
3,0.15,0.354978986434604
3,0.175,0.312489559404062
3,0.2,0.27745270738564
3,0.225,0.24821766898009
3,0.25,0.223565841807652
3,0.275,0.202582116711836
3,0.3,0.184568690456942
3,0.325,0.168986080669638
3,0.35,0.15541197237401
3,0.375,0.143512001685985
3,0.4,0.133018683970124
3,0.425,0.123715995602654
3,0.45,0.115427942654328
3,0.475,0.108009982101006
3,0.5,0.101342511303199
3,0.525,0.0953258756494933
3,0.55,0.0898765033628477
3,0.575,0.0849238860652732
3,0.6,0.0804082002475871
3,0.625,0.0762784189023681
3,0.65,0.0724908012894135
3,0.675,0.0690076767656677
3,0.7,0.0657964590646499
3,0.725,0.0628288424554175
3,0.75,0.0600801424373994
3,0.775,0.0575287520180722
3,0.8,0.0551556909902552
3,0.825,0.0529442304634691
3,0.85,0.050879578626348
3,0.875,0.0489486165832702
3,0.9,0.047139675350653
3,0.925,0.0454423468375749
3,0.95,0.0438473230168508
3,0.975,0.0423462585783525
3,1,0.0409316532248705
4,0,0.999999999999157
4,0.025,0.805449791039232
4,0.05,0.663143496573129
4,0.075,0.555971275893578
4,0.1,0.473276042352275
4,0.125,0.408143867469457
4,0.15,0.355933516037832
4,0.175,0.313437501323104
4,0.2,0.278382874281669
4,0.225,0.249123291338991
4,0.25,0.224443058163778
4,0.275,0.203428980320094
4,0.3,0.185384510813213
4,0.325,0.169770984040445
4,0.35,0.15616660689661
4,0.375,0.144237338757435
4,0.4,0.133715884314365
4,0.425,0.124386319093228
4,0.45,0.116072687925728
4,0.475,0.108630446549434
4,0.5,0.101939965069497
4,0.525,0.0959015452273939
4,0.55,0.0904315618128466
4,0.575,0.0854594477545196
4,0.6,0.0809253186622844
4,0.625,0.0767780865318329
4,0.65,0.0729739508671548
4,0.675,0.0694751833832149
4,0.7,0.0662491428079205
4,0.725,0.063267471333591
4,0.75,0.0605054354337307
4,0.775,0.0579413821574806
4,0.8,0.0555562883452675
4,0.825,0.0533333850544535
4,0.85,0.0512578431837866
4,0.875,0.0493165091586331
4,0.9,0.0474976817663622
4,0.925,0.045790922975988
4,0.95,0.0441868969512041
4,0.975,0.0426772325507348
4,1,0.0412544054791945
6,0,1.00000000000138
6,0.025,0.806301226084849
6,0.05,0.664518402154122
6,0.075,0.557653625667382
6,0.1,0.475126231252826
6,0.125,0.410072327343637
6,0.15,0.357883096550007
6,0.175,0.315372066534805
6,0.2,0.280279968515517
6,0.225,0.250969405956488
6,0.25,0.226230554611355
6,0.275,0.205154073073978
6,0.3,0.187045934274203
6,0.325,0.171369105132941
6,0.35,0.157702831011654
6,0.375,0.1457137105815
6,0.4,0.135134819276616
6,0.425,0.12575042300842
6,0.45,0.117384636577805
6,0.475,0.109892906202953
6,0.5,0.103155541031304
6,0.525,0.0970727496501687
6,0.55,0.0915607946896924
6,0.575,0.0865489869241121
6,0.6,0.0819773159226185
6,0.625,0.0777945678364105
6,0.65,0.0739568192018841
6,0.675,0.0704262233388732
6,0.7,0.0671700261683224
6,0.725,0.064159763205451
6,0.75,0.0613706005983234
6,0.775,0.0587807914209296
6,0.8,0.0563712247475858
6,0.825,0.0541250498422688
6,0.85,0.0520273614905519
6,0.875,0.0500649353637868
6,0.9,0.0482260045190385
6,0.925,0.0465000698849537
6,0.95,0.0448777389435521
6,0.975,0.0433505879226926
6,1,0.0419110436362343
8,0,0.999999999992086
8,0.025,0.80718800066231
8,0.05,0.665943750377404
8,0.075,0.559392101432958
8,0.1,0.477033731815711
8,0.125,0.412057127320573
8,0.15,0.359887041358002
8,0.175,0.317358598476107
8,0.2,0.282226508151439
8,0.225,0.252862472609284
8,0.25,0.228062612514908
8,0.275,0.206921473242763
8,0.3,0.188747559406191
8,0.325,0.173005470497768
8,0.35,0.159275484393052
8,0.375,0.147224830253369
8,0.4,0.136586944335233
8,0.425,0.127146272868646
8,0.45,0.11872699090402
8,0.475,0.11118452603778
8,0.5,0.10439911806564
8,0.525,0.0982708747644755
8,0.55,0.092715939667537
8,0.575,0.0876634951295277
8,0.6,0.0830533990319363
8,0.625,0.078834306598634
8,0.65,0.0749621668231096
8,0.675,0.0713990105089632
8,0.7,0.0681119670545305
8,0.725,0.0650724619466189
8,0.75,0.0622555579770437
8,0.775,0.0596394115043745
8,0.8,0.0572048213532456
8,0.825,0.0549348527373242
8,0.85,0.0528145222812575
8,0.875,0.050830533034581
8,0.9,0.0489710506222743
8,0.925,0.0472255133764983
8,0.95,0.0455844706773788
8,0.975,0.0440394448122588
8,1,0.0425828125139242
